{"interface": "ResNetInterface", "block_sets": [2, 2, 2], "n_classes": 2, "initial_filters": 16, "initial_strides": 1, "initial_kernel": [3, 3], "strides": 2, "kernel": [3, 3], "optimizer": {"recipe_name": "Adam", "parameters": {"learning_rate": 0.001, "beta_1": 0.9, "beta_2": 0.999, "decay": 0.01}}, "loss_function": {"recipe_name": "FScoreLoss", "parameters": {}}, "metrics": [{"recipe_name": "CategoricalAccuracy", "parameters": {}}, {"recipe_name": "Precision", "parameters": {"class_id": 1}}, {"recipe_name": "Recall", "parameters": {"class_id": 1}}]}